{
  "ceiling_curves": {
    "H100": {
      "intensities": [
        0.1,
        0.1778279410038923,
        0.31622776601683794,
        0.5623413251903491,
        1.0,
        1.7782794100389228,
        3.1622776601683795,
        5.623413251903491,
        10.0,
        17.78279410038923,
        31.622776601683793,
        56.23413251903491,
        100.0,
        177.82794100389228,
        316.22776601683796,
        562.341325190349,
        1000.0,
        1778.2794100389228,
        3162.2776601683795,
        5623.413251903491,
        10000.0,
        17782.794100389227,
        31622.776601683792,
        56234.13251903491,
        100000.0,
        177827.94100389228,
        316227.7660168379,
        562341.3251903491,
        1000000.0,
        1778279.410038923,
        3162277.6601683795,
        5623413.251903491,
        10000000.0,
        17782794.100389227,
        31622776.60168379,
        56234132.51903491
      ],
      "attainable": [
        0.335,
        0.5957236023630392,
        1.0593630161564072,
        1.8838434393876695,
        3.35,
        5.957236023630392,
        10.593630161564072,
        18.838434393876696,
        33.5,
        59.572360236303915,
        105.9363016156407,
        188.38434393876693,
        335.0,
        494.75,
        494.75,
        494.75,
        494.75,
        494.75,
        494.75,
        494.75,
        494.75,
        494.75,
        494.75,
        494.75,
        494.75,
        494.75,
        494.75,
        494.75,
        494.75,
        494.75,
        494.75,
        494.75,
        494.75,
        494.75,
        494.75,
        494.75
      ],
      "ridge_point": 147.6865671641791,
      "peak_tmacs": 494.75
    },
    "TH100 (drop-in)": {
      "intensities": [
        0.1,
        0.1778279410038923,
        0.31622776601683794,
        0.5623413251903491,
        1.0,
        1.7782794100389228,
        3.1622776601683795,
        5.623413251903491,
        10.0,
        17.78279410038923,
        31.622776601683793,
        56.23413251903491,
        100.0,
        177.82794100389228,
        316.22776601683796,
        562.341325190349,
        1000.0,
        1778.2794100389228,
        3162.2776601683795,
        5623.413251903491,
        10000.0,
        17782.794100389227,
        31622.776601683792,
        56234.13251903491,
        100000.0,
        177827.94100389228,
        316227.7660168379,
        562341.3251903491,
        1000000.0,
        1778279.410038923,
        3162277.6601683795,
        5623413.251903491,
        10000000.0,
        17782794.100389227,
        31622776.60168379,
        56234132.51903491
      ],
      "attainable": [
        0.335,
        0.5957236023630392,
        1.0593630161564072,
        1.8838434393876695,
        3.35,
        5.957236023630392,
        10.593630161564072,
        18.838434393876696,
        33.5,
        59.572360236303915,
        105.9363016156407,
        188.38434393876693,
        335.0,
        595.7236023630392,
        1059.3630161564072,
        1883.8434393876692,
        3350.0,
        5957.236023630391,
        7356.9325,
        7356.9325,
        7356.9325,
        7356.9325,
        7356.9325,
        7356.9325,
        7356.9325,
        7356.9325,
        7356.9325,
        7356.9325,
        7356.9325,
        7356.9325,
        7356.9325,
        7356.9325,
        7356.9325,
        7356.9325,
        7356.9325,
        7356.9325
      ],
      "ridge_point": 2196.099253731343,
      "peak_tmacs": 7356.9325
    },
    "TPB (purpose-built)": {
      "intensities": [
        0.1,
        0.1778279410038923,
        0.31622776601683794,
        0.5623413251903491,
        1.0,
        1.7782794100389228,
        3.1622776601683795,
        5.623413251903491,
        10.0,
        17.78279410038923,
        31.622776601683793,
        56.23413251903491,
        100.0,
        177.82794100389228,
        316.22776601683796,
        562.341325190349,
        1000.0,
        1778.2794100389228,
        3162.2776601683795,
        5623.413251903491,
        10000.0,
        17782.794100389227,
        31622.776601683792,
        56234.13251903491,
        100000.0,
        177827.94100389228,
        316227.7660168379,
        562341.3251903491,
        1000000.0,
        1778279.410038923,
        3162277.6601683795,
        5623413.251903491,
        10000000.0,
        17782794.100389227,
        31622776.60168379,
        56234132.51903491
      ],
      "attainable": [
        0.335,
        0.5957236023630392,
        1.0593630161564072,
        1.8838434393876695,
        3.35,
        5.957236023630392,
        10.593630161564072,
        18.838434393876696,
        33.5,
        59.572360236303915,
        105.9363016156407,
        188.38434393876693,
        335.0,
        595.7236023630392,
        1059.3630161564072,
        1883.8434393876692,
        3350.0,
        5957.236023630391,
        7356.9325,
        7356.9325,
        7356.9325,
        7356.9325,
        7356.9325,
        7356.9325,
        7356.9325,
        7356.9325,
        7356.9325,
        7356.9325,
        7356.9325,
        7356.9325,
        7356.9325,
        7356.9325,
        7356.9325,
        7356.9325,
        7356.9325,
        7356.9325
      ],
      "ridge_point": 2196.099253731343,
      "peak_tmacs": 7356.9325
    }
  },
  "op_points": {
    "fp16w/fp16a": {
      "L128_bl": 0.4999539399745749,
      "L128_attn": 2.0,
      "L2048_bl": 0.4999539399745749,
      "L2048_attn": 2.0,
      "L4096_bl": 0.4999539399745749,
      "L4096_attn": 2.0
    },
    "tritw/int8a": {
      "L128_bl": 4.997697847026539,
      "L128_attn": 4.0,
      "L2048_bl": 4.997697847026539,
      "L2048_attn": 4.0,
      "L4096_bl": 4.997697847026539,
      "L4096_attn": 4.0
    },
    "tritw/int4a": {
      "L128_bl": 4.998848658456834,
      "L128_attn": 8.0,
      "L2048_bl": 4.998848658456834,
      "L2048_attn": 8.0,
      "L4096_bl": 4.998848658456834,
      "L4096_attn": 8.0
    }
  }
}